﻿<?xml version="1.0" encoding="utf-8" ?>
<Advertisements>
  <Ad>
    <ImageUrl>~/images/FaceBookLogo-small.jpg</ImageUrl>
    <NavigateUrl>http://www.facebook.com</NavigateUrl>
    <AlternateText>
     Facebook
    </AlternateText>
    <Impressions>10</Impressions>
    <Keyword>ad1</Keyword>
  </Ad>


<Ad>
  <ImageUrl>~/images/download.png</ImageUrl>
  <NavigateUrl>http://www.twitter.com</NavigateUrl>
  <AlternateText>
  Twiiter
  </AlternateText>
  <Impressions>20</Impressions>
  <Keyword>ad2</Keyword>
</Ad>

  <Ad>
    <ImageUrl>~/images/youtube.png</ImageUrl>
    <NavigateUrl>http://www.youtube.com</NavigateUrl>
    <AlternateText>
    Youtube
    </AlternateText>
    <Impressions>30</Impressions>
    <Keyword>ad3</Keyword>
  </Ad>
</Advertisements>